{
  "model_name": "linear_regression",
  "mae": 0.012078040714915462,
  "rmse": 0.018684384750908053,
  "r2": -0.15994715833561846,
  "mean_percentage_error": 217.08996592745822,
  "median_percentage_error": 105.53556865312713,
  "direction_accuracy": 0.4943820224719101,
  "prediction_interval_95": 954.5057342062078,
  "confidence_interval": {
    "lower": [
      -0.03274922419532081,
      -0.03469885942758117,
      -0.03454067706300356,
      -0.0339706238451551,
      -0.034402384174331065,
      -0.03395572190928739,
      -0.034704468599237225,
      -0.03342065133919864,
      -0.033629067867998186,
      -0.03510338476766918,
      -0.03410775512732713,
      -0.03294389690902512,
      -0.03274508116938999,
      -0.03397845040651823,
      -0.03409547327117458,
      -0.035123203136015115,
      -0.0331264061637554,
      -0.034575284170403064,
      -0.034490790514716894,
      -0.033800858389794346,
      -0.03323943289387207,
      -0.03483708750818653,
      -0.034937716590526184,
      -0.03405587512666611,
      -0.03460485831014653,
      -0.032512179869689566,
      -0.033121792520238606,
      -0.033362793896421314,
      -0.03211669930415654,
      -0.030486136258891985,
      -0.029259630193179717,
      -0.02869968071991544,
      -0.027846081630127455,
      -0.02806421343870473,
      -0.028394787363746433,
      -0.027844242048300775,
      -0.026987785780662597,
      -0.025989705499988174,
      -0.02660830921246177,
      -0.025848983949645424,
      -0.02468654361313951,
      -0.024747273618202698,
      -0.02701398626466817,
      -0.024549349142422218,
      -0.025707847264725397,
      -0.026719364285902596,
      -0.027461481889929206,
      -0.02979773578193106,
      -0.028856818802894937,
      -0.029466662338320508,
      -0.029750828186630007,
      -0.02855991902405769,
      -0.031082508476652684,
      -0.029240578427483788,
      -0.03033734845248634,
      -0.02576988305149635,
      -0.014079928388535744,
      -0.01886054644511408,
      -0.006306598338598687,
      -0.02327397754652758,
      -0.020641560712309985,
      -0.02387827102499901,
      -0.023354566939242503,
      -0.021956247738529104,
      -0.02393330227081699,
      -0.024239276915093796,
      -0.02295204781393102,
      -0.02314841253393747,
      -0.02399356928632787,
      -0.02720739977553538,
      -0.027461341220744746,
      -0.02712796796909505,
      -0.02618305866596743,
      -0.028658594693124075,
      -0.028992749639673722,
      -0.029949914858207527,
      -0.02954236918524787,
      -0.0303156737471341,
      -0.02976728536849125,
      -0.0322355591716929,
      -0.0315357176980458,
      -0.030375626078486824,
      -0.031825807915952214,
      -0.030078416839676624,
      -0.03102062288428595,
      -0.029688279066328798,
      -0.03186747820948353,
      -0.029495045868474346,
      -0.031040777735775165,
      -0.03097445829664247
    ],
    "upper": [
      0.037099436556937634,
      0.03514980132467727,
      0.03530798368925488,
      0.035878036907103346,
      0.03544627657792738,
      0.03589293884297105,
      0.03514419215302122,
      0.036428009413059806,
      0.03621959288426026,
      0.03474527598458926,
      0.03574090562493131,
      0.036904763843233324,
      0.03710357958286845,
      0.035870210345740214,
      0.035753187481083866,
      0.03472545761624333,
      0.03672225458850304,
      0.03527337658185538,
      0.03535787023754155,
      0.0360478023624641,
      0.03660922785838637,
      0.03501157324407191,
      0.03491094416173226,
      0.035792785625592335,
      0.035243802442111914,
      0.03733648088256888,
      0.03672686823201984,
      0.03648586685583713,
      0.037731961448101904,
      0.03936252449336646,
      0.040589030559078726,
      0.041148980032343005,
      0.04200257912213099,
      0.04178444731355371,
      0.04145387338851201,
      0.04200441870395767,
      0.042860874971595846,
      0.043858955252270265,
      0.043240351539796676,
      0.04399967680261302,
      0.04516211713911893,
      0.045101387134055745,
      0.04283467448759028,
      0.045299311609836225,
      0.04414081348753304,
      0.04312929646635585,
      0.04238717886232923,
      0.04005092497032738,
      0.040991841949363506,
      0.040381998413937935,
      0.04009783256562844,
      0.041288741728200754,
      0.03876615227560576,
      0.040608082324774655,
      0.0395113122997721,
      0.044078777700762094,
      0.0557687323637227,
      0.05098811430714437,
      0.06354206241365976,
      0.04657468320573086,
      0.04920710003994846,
      0.045970389727259434,
      0.04649409381301594,
      0.04789241301372934,
      0.04591535848144145,
      0.045609383837164647,
      0.04689661293832742,
      0.04670024821832097,
      0.04585509146593057,
      0.042641260976723064,
      0.042387319531513694,
      0.04272069278316339,
      0.043665602086291014,
      0.04119006605913437,
      0.04085591111258472,
      0.039898745894050916,
      0.04030629156701057,
      0.039532987005124344,
      0.040081375383767194,
      0.03761310158056554,
      0.03831294305421264,
      0.03947303467377162,
      0.03802285283630623,
      0.03977024391258182,
      0.038828037867972495,
      0.04016038168592964,
      0.03798118254277491,
      0.0403536148837841,
      0.038807883016483274,
      0.03887420245561597
    ]
  }
}