{
  "model_name": "linear_regression",
  "mae": 0.01872976323450193,
  "rmse": 0.029363603210338332,
  "r2": -0.019657002782641264,
  "mean_percentage_error": 125.19911018820484,
  "median_percentage_error": 103.29921961720409,
  "direction_accuracy": 0.42696629213483145,
  "prediction_interval_95": 271.861860165864,
  "confidence_interval": {
    "lower": [
      -0.052103996867140234,
      -0.053833085768101585,
      -0.05232841203083345,
      -0.05072988538992979,
      -0.048902882278600436,
      -0.050117288747393025,
      -0.05005292097000463,
      -0.04889173750292807,
      -0.04955973449937729,
      -0.05038367130111707,
      -0.05247041407527572,
      -0.055949133721389925,
      -0.05376697429974326,
      -0.053504800974520345,
      -0.055231092813698514,
      -0.05592606828450312,
      -0.05829191830039027,
      -0.057702827352270114,
      -0.05706197115844004,
      -0.057167646955724113,
      -0.057899412971073,
      -0.05832868775128588,
      -0.05959596945781808,
      -0.05956498682166586,
      -0.059282996029872734,
      -0.05940753991761643,
      -0.05770902610418035,
      -0.058969907814522084,
      -0.060470817234661134,
      -0.06058441802650983,
      -0.05950049096865638,
      -0.060899866302922614,
      -0.06022411099676507,
      -0.06007601672650266,
      -0.0595095118857345,
      -0.058328152400167484,
      -0.05929244637641957,
      -0.056195194754092924,
      -0.054629523899163264,
      -0.05319950964970295,
      -0.05070418534515625,
      -0.050066113163553354,
      -0.0492236032011681,
      -0.0479173760793009,
      -0.04809901758766747,
      -0.04677070702714191,
      -0.048387020942736336,
      -0.04841360409872929,
      -0.0498710313491217,
      -0.05016847658708397,
      -0.05161581577339164,
      -0.05089524508359379,
      -0.05212334773791734,
      -0.052730433527043624,
      -0.054694872713997145,
      -0.05559843745343053,
      -0.053072714122349866,
      -0.0560465858158295,
      -0.048229905990282956,
      -0.05007527500993516,
      -0.046763905660372855,
      -0.05074473513775167,
      -0.04743481279706986,
      -0.047469184784087376,
      -0.04708593249679009,
      -0.047599815857670966,
      -0.04841011584350845,
      -0.05127191333988324,
      -0.05100490777768956,
      -0.05178130217060056,
      -0.053374748305990656,
      -0.05393586817682563,
      -0.05681094096771022,
      -0.057420918779242575,
      -0.059563268958585824,
      -0.06014384222618585,
      -0.05877358912429978,
      -0.05816202624303207,
      -0.05768807075695015,
      -0.05655756924369406,
      -0.05733081376723137,
      -0.05608949226535623,
      -0.056222307688479946,
      -0.05548783997079545,
      -0.05568483958969659,
      -0.054859283668286664,
      -0.05520649403888899,
      -0.05580750681290099,
      -0.054721265698073895,
      -0.05393708144153294
    ],
    "upper": [
      0.06176100403024544,
      0.06003191512928409,
      0.06153658886655222,
      0.06313511550745587,
      0.06496211861878523,
      0.06374771214999266,
      0.06381207992738104,
      0.0649732633944576,
      0.06430526639800838,
      0.06348132959626861,
      0.06139458682210995,
      0.05791586717599575,
      0.060098026597642414,
      0.06036019992286533,
      0.05863390808368716,
      0.057938932612882556,
      0.0555730825969954,
      0.05616217354511556,
      0.05680302973894563,
      0.05669735394166156,
      0.05596558792631268,
      0.055536313146099796,
      0.05426903143956759,
      0.05430001407571981,
      0.05458200486751294,
      0.054457460979769244,
      0.056155974793205325,
      0.05489509308286359,
      0.05339418366272454,
      0.053280582870875844,
      0.05436450992872929,
      0.05296513459446306,
      0.0536408899006206,
      0.053788984170883014,
      0.05435548901165117,
      0.05553684849721819,
      0.054572554520966106,
      0.05766980614329275,
      0.05923547699822241,
      0.060665491247682723,
      0.06316081555222942,
      0.06379888773383233,
      0.06464139769621757,
      0.06594762481808478,
      0.0657659833097182,
      0.06709429387024377,
      0.06547797995464934,
      0.06545139679865639,
      0.06399396954826397,
      0.0636965243103017,
      0.062249185123994036,
      0.06296975581379188,
      0.061741653159468335,
      0.06113456737034205,
      0.05917012818338853,
      0.058266563443955144,
      0.06079228677503581,
      0.057818415081556176,
      0.06563509490710272,
      0.06378972588745051,
      0.06710109523701281,
      0.063120265759634,
      0.06643018810031581,
      0.0663958161132983,
      0.06677906840059558,
      0.06626518503971471,
      0.06545488505387723,
      0.06259308755750242,
      0.06286009311969612,
      0.06208369872678511,
      0.06049025259139502,
      0.059929132720560045,
      0.05705405992967545,
      0.0564440821181431,
      0.05430173193879985,
      0.05372115867119982,
      0.055091411773085894,
      0.0557029746543536,
      0.056176930140435524,
      0.057307431653691614,
      0.056534187130154304,
      0.057775508632029446,
      0.05764269320890573,
      0.058377160926590226,
      0.058180161307689084,
      0.05900571722909901,
      0.05865850685849668,
      0.058057494084484684,
      0.05914373519931178,
      0.059927919455852734
    ]
  }
}