{
  "model_name": "linear_regression",
  "mae": 0.01947621667339391,
  "rmse": 0.02783396145050582,
  "r2": -0.0911445177089667,
  "mean_percentage_error": 166.722156426608,
  "median_percentage_error": 103.44455745958965,
  "direction_accuracy": 0.5617977528089888,
  "prediction_interval_95": 259.0510545741355,
  "confidence_interval": {
    "lower": [
      -0.05429163023386439,
      -0.050745187313172874,
      -0.052974251442809143,
      -0.05454145041429446,
      -0.05436249994489273,
      -0.05824003720229001,
      -0.05346981385410045,
      -0.053395364750262034,
      -0.049488459079307684,
      -0.055202527925108894,
      -0.057139190527761265,
      -0.05247021018711297,
      -0.056335371849306884,
      -0.05913159787063922,
      -0.05167308257782966,
      -0.05466398317529643,
      -0.047090938704079564,
      -0.05144769525480181,
      -0.05086047326984875,
      -0.047207052042742406,
      -0.04949721079539297,
      -0.04844204843527584,
      -0.050738809945163284,
      -0.04899779657236676,
      -0.048713010386047265,
      -0.051937578639057985,
      -0.048860621997574134,
      -0.05800985884212067,
      -0.04807244613650866,
      -0.054414490177814495,
      -0.05283663654108483,
      -0.058091511022449305,
      -0.049622495977482,
      -0.053006026034893836,
      -0.05265322552604699,
      -0.056793968958674924,
      -0.05168635590812976,
      -0.04662518434920443,
      -0.05688924292148537,
      -0.05523305876897828,
      -0.05323886102527789,
      -0.05197823336519533,
      -0.05025182370892989,
      -0.049504670916705185,
      -0.04331333632479581,
      -0.04429187117437636,
      -0.04762353216552234,
      -0.045771393739653034,
      -0.049590020776194656,
      -0.04492990571813439,
      -0.04505238421356013,
      -0.04500868177975799,
      -0.04271516914609087,
      -0.045557389881844226,
      -0.039344219295956814,
      -0.03342895724420408,
      -0.04435413835432978,
      -0.061093557274888625,
      -0.06107817262262148,
      -0.06007112057134869,
      -0.05183958597797502,
      -0.05451259616014655,
      -0.04868083345738436,
      -0.04923640071907457,
      -0.04956891085220649,
      -0.051564099409027064,
      -0.047796574860961165,
      -0.04841764561649345,
      -0.05443156856304123,
      -0.054358241200282285,
      -0.055240139303254415,
      -0.04818593143729805,
      -0.04695633813863453,
      -0.04773081845744926,
      -0.04895606289204698,
      -0.04430195188143414,
      -0.04512474816607981,
      -0.049184459401665,
      -0.054338678870602695,
      -0.056650006569090625,
      -0.06055002872283238,
      -0.05282542631626225,
      -0.054910040821444066,
      -0.05132795852118239,
      -0.05193758642029681,
      -0.05251064976955978,
      -0.053433934429320935,
      -0.04935325176232294,
      -0.05247757176848266,
      -0.0546911355844184
    ],
    "upper": [
      0.053950192585572106,
      0.05749663550626362,
      0.05526757137662735,
      0.053700372405142034,
      0.053879322874543764,
      0.05000178561714648,
      0.054772008965336044,
      0.05484645806917446,
      0.05875336374012881,
      0.0530392948943276,
      0.05110263229167523,
      0.055771612632323525,
      0.05190645097012961,
      0.04911022494879727,
      0.05656874024160683,
      0.05357783964414006,
      0.06115088411535693,
      0.05679412756463468,
      0.05738134954958774,
      0.061034770776694086,
      0.058744612024043526,
      0.059799774384160655,
      0.05750301287427321,
      0.05924402624706973,
      0.05952881243338923,
      0.05630424418037851,
      0.05938120082186236,
      0.05023196397731582,
      0.06016937668292783,
      0.053827332641622,
      0.05540518627835166,
      0.05015031179698719,
      0.05861932684195449,
      0.05523579678454266,
      0.055588597293389504,
      0.05144785386076157,
      0.05655546691130673,
      0.06161663847023206,
      0.051352579897951126,
      0.053008764050458214,
      0.0550029617941586,
      0.05626358945424116,
      0.057989999110506604,
      0.05873715190273131,
      0.06492848649464068,
      0.06394995164506014,
      0.06061829065391415,
      0.06247042907978346,
      0.05865180204324184,
      0.0633119171013021,
      0.06318943860587636,
      0.0632331410396785,
      0.06552665367334562,
      0.06268443293759227,
      0.06889760352347968,
      0.07481286557523241,
      0.0638876844651067,
      0.04714826554454787,
      0.04716365019681501,
      0.0481707022480878,
      0.05640223684146147,
      0.05372922665928994,
      0.05956098936205213,
      0.05900542210036192,
      0.058672911967230006,
      0.05667772341040943,
      0.06044524795847533,
      0.059824177202943044,
      0.05381025425639526,
      0.05388358161915421,
      0.05300168351618208,
      0.06005589138213844,
      0.061285484680801965,
      0.06051100436198723,
      0.05928575992738951,
      0.06393987093800235,
      0.06311707465335668,
      0.05905736341777149,
      0.0539031439488338,
      0.05159181625034587,
      0.04769179409660411,
      0.055416396503174245,
      0.053331781997992427,
      0.056913864298254103,
      0.05630423639913968,
      0.055731173049876716,
      0.05480788839011556,
      0.05888857105711355,
      0.05576425105095383,
      0.053550687235018095
    ]
  }
}