{
  "model_name": "linear_regression",
  "mae": 0.015609736045361849,
  "rmse": 0.025490971997097073,
  "r2": 0.07333079099630668,
  "mean_percentage_error": 135.9681675456441,
  "median_percentage_error": 95.79829658247505,
  "direction_accuracy": 0.6629213483146067,
  "prediction_interval_95": 299.7264852850606,
  "confidence_interval": {
    "lower": [
      -0.0497289705582839,
      -0.049770241481999634,
      -0.0491450143587141,
      -0.05288520191042554,
      -0.048780918370002105,
      -0.054363851465645575,
      -0.05283919062239189,
      -0.05334962012642295,
      -0.05099445072024828,
      -0.050919242666204,
      -0.0517852856962696,
      -0.050550550289006194,
      -0.05824745989880424,
      -0.05056128780020572,
      -0.0533625520686517,
      -0.056674951595747834,
      -0.051412622942385564,
      -0.05293105273574345,
      -0.053311731240395364,
      -0.05428635928018663,
      -0.052699619739768604,
      -0.05219247971830288,
      -0.051942766561648236,
      -0.05636913698756093,
      -0.054293017631219354,
      -0.0542261956019752,
      -0.05760187728752514,
      -0.05482634098787146,
      -0.056601057640162586,
      -0.05219615743991291,
      -0.056018902532128975,
      -0.05539985604469094,
      -0.05417187502385297,
      -0.0545450837194616,
      -0.05239955884392694,
      -0.053330120062091126,
      -0.0514559803639512,
      -0.04894824065917074,
      -0.05247120531259022,
      -0.04941380499470627,
      -0.04892472603738393,
      -0.04832097340617207,
      -0.04854315257879298,
      -0.04839807928940905,
      -0.047535325937931035,
      -0.04885312888087513,
      -0.049975632912410396,
      -0.0504174101702405,
      -0.05057779665620454,
      -0.050813775956902195,
      -0.05100641557554251,
      -0.056491623050054805,
      -0.05158307422046597,
      -0.05397968127739579,
      -0.05121278697726458,
      -0.0482398529978759,
      -0.055748584199462145,
      -0.050068780727561005,
      -0.0704191851961943,
      -0.05189948488594731,
      -0.04957007981983606,
      -0.04767482833831971,
      -0.04773052335291015,
      -0.04845564855753997,
      -0.04841014277198905,
      -0.047061489251263744,
      -0.04982081936247209,
      -0.04800842096254168,
      -0.05590945561399377,
      -0.051389047848237314,
      -0.05115026278905129,
      -0.054187467392811786,
      -0.0558425918149059,
      -0.05192286328400243,
      -0.051702500177972774,
      -0.05592485117996146,
      -0.050194637537439225,
      -0.0431966428207151,
      -0.04661133111380429,
      -0.04771358612945402,
      -0.04594929048788046,
      -0.046196875308675334,
      -0.04745896173891762,
      -0.045463324033268165,
      -0.04711881877280324,
      -0.04476069185826127,
      -0.04477887992775958,
      -0.04362805532024199,
      -0.0452435011977236,
      -0.044328675550323146
    ],
    "upper": [
      0.049826610505256885,
      0.04978533958154115,
      0.05041056670482669,
      0.04667037915311525,
      0.05077466269353868,
      0.04519172959789521,
      0.0467163904411489,
      0.04620596093711784,
      0.048561130343292506,
      0.04863633839733679,
      0.04777029536727119,
      0.049005030774534594,
      0.04130812116473655,
      0.04899429326333507,
      0.046193028994889085,
      0.042880629467792954,
      0.048142958121155224,
      0.046624528327797336,
      0.04624384982314542,
      0.04526922178335416,
      0.046855961323772184,
      0.047363101345237905,
      0.04761281450189255,
      0.04318644407597986,
      0.045262563432321434,
      0.04532938546156559,
      0.04195370377601565,
      0.04472924007566933,
      0.0429545234233782,
      0.047359423623627876,
      0.04353667853141181,
      0.044155725018849845,
      0.04538370603968782,
      0.045010497344079185,
      0.04715602221961385,
      0.04622546100144966,
      0.04809960069958959,
      0.050607340404370045,
      0.04708437575095057,
      0.05014177606883452,
      0.05063085502615686,
      0.051234607657368716,
      0.05101242848474781,
      0.05115750177413174,
      0.05202025512560975,
      0.050702452182665655,
      0.04957994815113039,
      0.04913817089330029,
      0.048977784407336244,
      0.04874180510663859,
      0.04854916548799828,
      0.04306395801348598,
      0.047972506843074816,
      0.045575899786145,
      0.04834279408627621,
      0.05131572806566489,
      0.04380699686407864,
      0.04948680033597978,
      0.029136395867346475,
      0.04765609617759348,
      0.049985501243704725,
      0.05188075272522108,
      0.05182505771063064,
      0.05109993250600082,
      0.051145438291551736,
      0.052494091812277044,
      0.0497347617010687,
      0.051547160100999107,
      0.04364612544954702,
      0.048166533215303474,
      0.048405318274489496,
      0.045368113670729,
      0.04371298924863489,
      0.047632717779538356,
      0.047853080885568014,
      0.04363072988357933,
      0.04936094352610156,
      0.05635893824282569,
      0.0529442499497365,
      0.05184199493408677,
      0.053606290575660326,
      0.053358705754865454,
      0.052096619324623165,
      0.05409225703027262,
      0.05243676229073755,
      0.054794889205279515,
      0.05477670113578121,
      0.055927525743298796,
      0.05431207986581719,
      0.05522690551321764
    ]
  }
}