{
  "model_name": "linear_regression",
  "mae": 0.019215776778587275,
  "rmse": 0.025597109288198458,
  "r2": -0.09348916971911292,
  "mean_percentage_error": 158.7774133560876,
  "median_percentage_error": 103.28569907672136,
  "direction_accuracy": 0.5955056179775281,
  "prediction_interval_95": 359.5604026262466,
  "confidence_interval": {
    "lower": [
      -0.04552450472838753,
      -0.04690784946061339,
      -0.048452980366356334,
      -0.05274669396694796,
      -0.04875357067582748,
      -0.047328373239939554,
      -0.04786155581444843,
      -0.04697618757738945,
      -0.04341943273235131,
      -0.046213335135934334,
      -0.048898476785601996,
      -0.05086439618079168,
      -0.047332694571245996,
      -0.04851851419459816,
      -0.03991402210060404,
      -0.04066816328804719,
      -0.046188466648114004,
      -0.045951806299070835,
      -0.04595652163086496,
      -0.04470227721605196,
      -0.04513971230693943,
      -0.045835524483094636,
      -0.04516070598218441,
      -0.04411722555578324,
      -0.04330112427597055,
      -0.046096390422983344,
      -0.04604840346332675,
      -0.04429883431686876,
      -0.04330638870462339,
      -0.04509301471021427,
      -0.04323969718812519,
      -0.047618879343342,
      -0.045875096569592856,
      -0.045348201743137445,
      -0.04634853302421073,
      -0.043915422462642156,
      -0.04150658896900147,
      -0.041187262234390384,
      -0.0412553966560734,
      -0.04302075688392296,
      -0.042687349621603414,
      -0.044318374469848085,
      -0.04225366692691924,
      -0.044676205685567155,
      -0.0435621583267114,
      -0.04300652897407772,
      -0.04473724599177279,
      -0.04424409415077545,
      -0.04420562874324302,
      -0.041879762800402086,
      -0.044791213052568564,
      -0.04181417135624475,
      -0.043748297193651815,
      -0.04489893439741754,
      -0.044848551656191775,
      -0.04796671107071708,
      -0.0481687524856421,
      -0.048777587136261576,
      -0.04440796307633786,
      -0.04391752465801414,
      -0.03893568562725421,
      -0.04055066224466209,
      -0.03712315742285358,
      -0.03409450648662958,
      -0.03494600769243825,
      -0.03344858373319984,
      -0.03773089951171539,
      -0.043482807205184985,
      -0.04361179442896062,
      -0.04901586584688513,
      -0.041185159967229254,
      -0.038730510255338815,
      -0.037739524220147175,
      -0.041183758591672184,
      -0.0425558000939928,
      -0.0416967518989213,
      -0.04107250508760867,
      -0.050021026567085375,
      -0.04276427083841573,
      -0.04243677762935791,
      -0.046194280346472064,
      -0.04467220079750324,
      -0.045778964772129414,
      -0.042863720730751294,
      -0.04459313025804297,
      -0.03668311507659491,
      -0.0390360124443586,
      -0.0415381998543286,
      -0.04642258105135692,
      -0.036917117827953
    ],
    "upper": [
      0.0520369001033198,
      0.05065355537109394,
      0.049108424465351,
      0.04481471086475937,
      0.04880783415587985,
      0.05023303159176778,
      0.0496998490172589,
      0.05058521725431788,
      0.05414197209935602,
      0.051348069695773,
      0.048662928046105336,
      0.04669700865091565,
      0.050228710260461336,
      0.04904289063710917,
      0.05764738273110329,
      0.05689324154366014,
      0.05137293818359333,
      0.0516095985326365,
      0.051604883200842375,
      0.05285912761565537,
      0.0524216925247679,
      0.051725880348612696,
      0.05240069884952292,
      0.05344417927592409,
      0.054260280555736784,
      0.05146501440872399,
      0.051513001368380586,
      0.05326257051483857,
      0.054255016127083944,
      0.05246839012149306,
      0.05432170764358214,
      0.049942525488365336,
      0.051686308262114476,
      0.05221320308856989,
      0.051212871807496604,
      0.053645982369065176,
      0.05605481586270586,
      0.05637414259731695,
      0.056306008175633936,
      0.05454064794778437,
      0.05487405521010392,
      0.05324303036185925,
      0.055307737904788094,
      0.05288519914614018,
      0.053999246504995935,
      0.05455487585762961,
      0.05282415883993454,
      0.05331731068093188,
      0.05335577608846431,
      0.05568164203130525,
      0.05277019177913877,
      0.05574723347546258,
      0.05381310763805552,
      0.052662470434289795,
      0.05271285317551556,
      0.04959469376099025,
      0.049392652346065234,
      0.04878381769544576,
      0.05315344175536947,
      0.05364388017369319,
      0.05862571920445312,
      0.05701074258704524,
      0.06043824740885375,
      0.06346689834507775,
      0.06261539713926909,
      0.0641128210985075,
      0.05983050531999194,
      0.05407859762652235,
      0.05394961040274671,
      0.0485455389848222,
      0.05637624486447808,
      0.05883089457636852,
      0.05982188061156016,
      0.05637764624003515,
      0.055005604737714535,
      0.05586465293278603,
      0.05648889974409866,
      0.04754037826462196,
      0.0547971339932916,
      0.055124627202349424,
      0.05136712448523527,
      0.05288920403420409,
      0.05178244005957792,
      0.05469768410095604,
      0.05296827457366436,
      0.06087828975511242,
      0.05852539238734873,
      0.056023204977378734,
      0.05113882378035041,
      0.060644287003754335
    ]
  }
}