{
  "model_name": "linear_regression",
  "mae": 0.01538830422481219,
  "rmse": 0.0224241633943462,
  "r2": -0.19143526123456733,
  "mean_percentage_error": Infinity,
  "median_percentage_error": 113.12932370034824,
  "direction_accuracy": 0.5730337078651685,
  "prediction_interval_95": 985.1844641040004,
  "confidence_interval": {
    "lower": [
      -0.05067241186564471,
      -0.04113840427520529,
      -0.04923718078023706,
      -0.04407899220910625,
      -0.041931688628316977,
      -0.04222392385068381,
      -0.04184795841111556,
      -0.04421744397495006,
      -0.041677053623916285,
      -0.04037295812680147,
      -0.040610163298958626,
      -0.037352555642475346,
      -0.04323496799976725,
      -0.03824441510856987,
      -0.03981970187876997,
      -0.04719743682921747,
      -0.041174850268406796,
      -0.04337018004474852,
      -0.04813892889480145,
      -0.04403506790208436,
      -0.044053096005259224,
      -0.04131700175270516,
      -0.04702012765796984,
      -0.04394437443183784,
      -0.044219520884572816,
      -0.04008884238478265,
      -0.040671938025377816,
      -0.04064460885122992,
      -0.03524484477964798,
      -0.03587344201721912,
      -0.0432639634196637,
      -0.03671123819796707,
      -0.03534186231086306,
      -0.03194640781303403,
      -0.02790861552175587,
      -0.025381239160870227,
      -0.021903723950158365,
      -0.016719449446042475,
      -0.013029829653830888,
      -0.010660436891558406,
      -0.017178810746963636,
      -0.016560573781247864,
      -0.015619514860720937,
      -0.02378867455076088,
      -0.024310719477658064,
      -0.028275502250744773,
      -0.02883741593968584,
      -0.031305032452265,
      -0.02910393031488849,
      -0.02857281922210824,
      -0.029637218741223673,
      -0.03826288826318637,
      -0.03159567564852499,
      -0.034416614523330495,
      -0.028328129713871043,
      -0.020143786951781657,
      -0.03664943955592754,
      -0.02606090937172619,
      -0.05748645874358814,
      -0.03153969378378514,
      -0.040123555954918864,
      -0.026310835434812916,
      -0.024984969333481138,
      -0.02559624420148199,
      -0.025003211757313938,
      -0.027446515259397883,
      -0.0317634812341008,
      -0.031333172141576875,
      -0.04101833200591883,
      -0.03169682699216973,
      -0.034107357479491784,
      -0.03521140395603995,
      -0.04218304702275721,
      -0.03962192009659436,
      -0.04015785605503956,
      -0.03880954203185059,
      -0.03583642413015368,
      -0.03526680860941264,
      -0.03884569336486973,
      -0.03650844415840665,
      -0.040677155296142874,
      -0.04238350994847221,
      -0.04435978159216448,
      -0.04357699800863844,
      -0.04297067866876593,
      -0.04346076845063391,
      -0.04327019946849676,
      -0.03984748806655307,
      -0.041495973075727444,
      -0.04549387740136865
    ],
    "upper": [
      0.0342367828891678,
      0.04377079047960722,
      0.03567201397457545,
      0.04083020254570626,
      0.042977506126495535,
      0.0426852709041287,
      0.04306123634369695,
      0.04069175077986245,
      0.043232141130896226,
      0.04453623662801104,
      0.044299031455853885,
      0.047556639112337165,
      0.041674226755045264,
      0.04666477964624264,
      0.04508949287604254,
      0.037711757925595044,
      0.043734344486405716,
      0.04153901471006399,
      0.03677026586001106,
      0.04087412685272815,
      0.04085609874955329,
      0.04359219300210735,
      0.03788906709684267,
      0.040964820322974674,
      0.040689673870239695,
      0.04482035237002986,
      0.044237256729434696,
      0.04426458590358259,
      0.04966434997516453,
      0.04903575273759339,
      0.04164523133514881,
      0.048197956556845445,
      0.04956733244394945,
      0.05296278694177848,
      0.05700057923305664,
      0.059527955593942285,
      0.06300547080465414,
      0.06818974530877003,
      0.07187936510098163,
      0.0742487578632541,
      0.06773038400784888,
      0.06834862097356464,
      0.06928967989409157,
      0.061120520204051634,
      0.06059847527715445,
      0.05663369250406774,
      0.05607177881512667,
      0.05360416230254751,
      0.05580526443992402,
      0.05633637553270427,
      0.05527197601358884,
      0.04664630649162614,
      0.053313519106287524,
      0.050492580231482016,
      0.05658106504094147,
      0.06476540780303086,
      0.04825975519888497,
      0.05884828538308632,
      0.027422736011224375,
      0.05336950097102737,
      0.04478563879989365,
      0.0585983593199996,
      0.05992422542133137,
      0.05931295055333052,
      0.05990598299749857,
      0.05746267949541463,
      0.053145713520711714,
      0.05357602261323564,
      0.04389086274889368,
      0.05321236776264278,
      0.05080183727532073,
      0.04969779079877256,
      0.042726147732055304,
      0.04528727465821815,
      0.04475133869977295,
      0.046099652722961924,
      0.04907277062465883,
      0.04964238614539987,
      0.04606350138994278,
      0.04840075059640586,
      0.04423203945866964,
      0.0425256848063403,
      0.04054941316264803,
      0.04133219674617407,
      0.04193851608604658,
      0.0414484263041786,
      0.041638995286315754,
      0.04506170668825944,
      0.04341322167908507,
      0.03941531735344386
    ]
  }
}