{
  "model_name": "linear_regression",
  "mae": 0.022037326528771266,
  "rmse": 0.031658554058546076,
  "r2": -0.1342008500110492,
  "mean_percentage_error": 264.215554929184,
  "median_percentage_error": 119.06358938190367,
  "direction_accuracy": 0.5617977528089888,
  "prediction_interval_95": 419.26350557322576,
  "confidence_interval": {
    "lower": [
      -0.0654313710429814,
      -0.059882713205379634,
      -0.07197622475506611,
      -0.06559231911525909,
      -0.06763747132260264,
      -0.06648910062328049,
      -0.06473464283334858,
      -0.06710727427529206,
      -0.06617290565715239,
      -0.06005289137030556,
      -0.07366877875145496,
      -0.061354658364616996,
      -0.06054906376472758,
      -0.06346059266408578,
      -0.06456717949887719,
      -0.06540309292500911,
      -0.06708842498207246,
      -0.0663443973337852,
      -0.06665149934598329,
      -0.06737344594238259,
      -0.06681866240249736,
      -0.06917565012864715,
      -0.07352789909850807,
      -0.055820547302369,
      -0.05794450638222535,
      -0.06626426754614125,
      -0.0676258320326525,
      -0.06489231705213161,
      -0.06893126692119052,
      -0.07540553588865509,
      -0.0658508419317524,
      -0.06904490236912175,
      -0.05517385224601916,
      -0.055753031912138616,
      -0.055814974443858564,
      -0.05486067017084467,
      -0.04486699308961359,
      -0.04770363187687933,
      -0.06337382473751679,
      -0.06283164629733179,
      -0.054363995008382335,
      -0.05711985069198492,
      -0.05821628513771364,
      -0.05407750702347309,
      -0.06187322194102973,
      -0.05618744580710869,
      -0.06315570242609563,
      -0.06051691743617508,
      -0.06059787455092835,
      -0.051426932908617586,
      -0.06167926684812338,
      -0.056891459085276284,
      -0.062388525595772536,
      -0.06788987273273135,
      -0.05449574115102753,
      -0.05176213924274495,
      -0.0741242930598701,
      -0.08869401280834044,
      -0.10407587535185533,
      -0.08627184307707927,
      -0.05707024651047194,
      -0.06751905381268143,
      -0.054652530992998744,
      -0.046013316079582686,
      -0.045450430379767814,
      -0.044772716278480076,
      -0.05510501218516924,
      -0.06835783077717972,
      -0.06264338445362837,
      -0.06638293240662103,
      -0.0642355903516735,
      -0.05457556736570553,
      -0.0493431178396985,
      -0.07312614038781859,
      -0.0672304140066139,
      -0.055424801008018575,
      -0.04725920482846452,
      -0.051380992782061444,
      -0.05788798933124236,
      -0.06004896550861089,
      -0.07204857350405572,
      -0.06741745180030011,
      -0.05909509472414486,
      -0.05484160920406895,
      -0.047647605330055985,
      -0.047679617094076,
      -0.04843401476020688,
      -0.05352800166093165,
      -0.05414886003640643,
      -0.05051636559008077
    ],
    "upper": [
      0.05865627282223562,
      0.06420493065983739,
      0.05211141911015091,
      0.058495324749957923,
      0.05645017254261437,
      0.05759854324193653,
      0.059353001031868434,
      0.05698036958992496,
      0.05791473820806462,
      0.06403475249491146,
      0.05041886511376206,
      0.06273298550060002,
      0.06353858010048943,
      0.06062705120113123,
      0.059520464366339836,
      0.058684550940207914,
      0.05699921888314457,
      0.05774324653143182,
      0.057436144519233734,
      0.05671419792283442,
      0.05726898146271966,
      0.05491199373656987,
      0.05055974476670895,
      0.06826709656284802,
      0.06614313748299168,
      0.057823376319075775,
      0.05646181183256451,
      0.059195326813085404,
      0.055156376944026496,
      0.04868210797656193,
      0.058236801933464616,
      0.05504274149609527,
      0.06891379161919786,
      0.06833461195307841,
      0.06827266942135846,
      0.06922697369437235,
      0.07922065077560343,
      0.07638401198833769,
      0.06071381912770022,
      0.061255997567885224,
      0.06972364885683469,
      0.0669677931732321,
      0.06587135872750338,
      0.07001013684174393,
      0.06221442192418729,
      0.06790019805810833,
      0.0609319414391214,
      0.06357072642904193,
      0.06348976931428867,
      0.07266071095659943,
      0.06240837701709364,
      0.06719618477994074,
      0.061699118269444485,
      0.05619777113248567,
      0.0695919027141895,
      0.07232550462247207,
      0.04996335080534692,
      0.03539363105687658,
      0.02001176851336168,
      0.03781580078813774,
      0.06701739735474509,
      0.056568590052535596,
      0.06943511287221828,
      0.07807432778563433,
      0.0786372134854492,
      0.07931492758673694,
      0.06898263168004777,
      0.055729813088037296,
      0.061444259411588646,
      0.05770471145859599,
      0.05985205351354351,
      0.0695120764995115,
      0.07474452602551852,
      0.05096150347739843,
      0.056857229858603114,
      0.06866284285719845,
      0.0768284390367525,
      0.07270665108315558,
      0.06619965453397467,
      0.06403867835660614,
      0.052039070361161295,
      0.05667019206491692,
      0.06499254914107216,
      0.06924603466114806,
      0.07644003853516104,
      0.07640802677114103,
      0.07565362910501014,
      0.07055964220428537,
      0.0699387838288106,
      0.07357127827513625
    ]
  }
}