{
  "model_name": "linear_regression",
  "mae": 0.015081090451854478,
  "rmse": 0.022029547451800007,
  "r2": -0.09178448548546103,
  "mean_percentage_error": 381.55231728780126,
  "median_percentage_error": 122.26569511236883,
  "direction_accuracy": 0.6292134831460674,
  "prediction_interval_95": 1150.3513208677296,
  "confidence_interval": {
    "lower": [
      -0.043377029733068485,
      -0.044875167258005555,
      -0.0476917383775818,
      -0.044663873708139935,
      -0.04652487070584666,
      -0.04471386486900132,
      -0.04195868923039359,
      -0.03514471809094393,
      -0.03796679975647858,
      -0.04323735988880919,
      -0.036109884736107024,
      -0.04060677331354028,
      -0.040175467657751575,
      -0.043927481842071694,
      -0.0452770321172777,
      -0.04631088880078844,
      -0.04358238488620329,
      -0.04501666293012597,
      -0.0425109821389333,
      -0.038955554951916965,
      -0.04039052093516568,
      -0.03938889170474649,
      -0.03908393236947056,
      -0.03837702851733743,
      -0.040155685242410574,
      -0.0378790064744399,
      -0.0355099836590182,
      -0.0374593652765155,
      -0.036918258904542006,
      -0.03755472367836796,
      -0.04031501270914467,
      -0.038786847083487314,
      -0.03783412746614293,
      -0.039936641149663776,
      -0.03899208744554289,
      -0.03566320209486645,
      -0.03408720007940441,
      -0.03543662841751217,
      -0.03784618278901082,
      -0.03627806460323158,
      -0.03667680170544555,
      -0.038408685618421395,
      -0.03565009369696072,
      -0.03694812300011194,
      -0.03550000589424532,
      -0.03846759694783182,
      -0.038468980025820027,
      -0.037571425493714464,
      -0.0350427683958191,
      -0.03489499623604443,
      -0.032325356457491204,
      -0.033568907477024304,
      -0.03568451903258368,
      -0.037208072718003374,
      -0.037524972796142156,
      -0.03641968838235669,
      -0.03184387841304121,
      -0.03641483191728942,
      -0.035160642064906815,
      -0.03773678444499372,
      -0.03562665791195958,
      -0.03472078076662489,
      -0.03206680508732332,
      -0.025697131031387488,
      -0.02915117563456361,
      -0.02840271045090539,
      -0.03447932614777771,
      -0.041078425732997116,
      -0.03923092063469209,
      -0.040172117446683676,
      -0.03766077701883933,
      -0.036932780093978275,
      -0.03588065588795683,
      -0.05555839688129965,
      -0.04517995203338373,
      -0.03812080138400092,
      -0.033849554453135595,
      -0.03461268178769532,
      -0.03890792151468539,
      -0.04009893601638101,
      -0.04448080039281168,
      -0.04669892326618861,
      -0.047237049966470726,
      -0.04826873867585151,
      -0.04791675333522115,
      -0.04588631827586824,
      -0.04600314867286434,
      -0.0445618265692896,
      -0.04635522358420474,
      -0.044835918357178664
    ],
    "upper": [
      0.04240688503305725,
      0.04090874750812018,
      0.03809217638854394,
      0.0411200410579858,
      0.03925904406027907,
      0.041070049897124414,
      0.04382522553573215,
      0.050639196675181804,
      0.04781711500964716,
      0.042546554877316546,
      0.04967403003001871,
      0.04517714145258545,
      0.04560844710837416,
      0.04185643292405404,
      0.04050688264884803,
      0.0394730259653373,
      0.04220152987992244,
      0.04076725183599977,
      0.04327293262719244,
      0.04682835981420877,
      0.045393393830960055,
      0.04639502306137924,
      0.046699982396655175,
      0.047406886248788305,
      0.04562822952371516,
      0.04790490829168584,
      0.05027393110710753,
      0.048324549489610236,
      0.04886565586158373,
      0.04822919108775778,
      0.045468902056981064,
      0.04699706768263842,
      0.0479497872999828,
      0.04584727361646196,
      0.046791827320582846,
      0.05012071267125928,
      0.05169671468672132,
      0.05034728634861357,
      0.047937731977114914,
      0.049505850162894154,
      0.049107113060680184,
      0.04737522914770434,
      0.050133821069165016,
      0.0488357917660138,
      0.05028390887188042,
      0.047316317818293915,
      0.04731493474030571,
      0.04821248927241127,
      0.05074114637030663,
      0.050888918530081304,
      0.05345855830863453,
      0.05221500728910143,
      0.05009939573354206,
      0.04857584204812236,
      0.04825894196998358,
      0.04936422638376905,
      0.053940036353084524,
      0.049369082848836315,
      0.05062327270121892,
      0.04804713032113202,
      0.05015725685416615,
      0.05106313399950085,
      0.053717109678802416,
      0.06008678373473825,
      0.056632739131562124,
      0.05738120431522034,
      0.051304588618348024,
      0.04470548903312862,
      0.04655299413143364,
      0.04561179731944206,
      0.0481231377472864,
      0.04885113467214746,
      0.049903258878168905,
      0.030225517884826088,
      0.040603962732742006,
      0.04766311338212482,
      0.05193436031299014,
      0.05117123297843042,
      0.046875993251440345,
      0.045684978749744726,
      0.041303114373314055,
      0.039084991499937126,
      0.03854686479965501,
      0.03751517609027422,
      0.037867161430904586,
      0.039897596490257495,
      0.039780766093261394,
      0.041222088196836135,
      0.039428691181920994,
      0.04094799640894707
    ]
  }
}