{
  "model_name": "linear_regression",
  "mae": 0.018908718772675123,
  "rmse": 0.026625011972758426,
  "r2": -0.08747323596652912,
  "mean_percentage_error": 413.06802495201924,
  "median_percentage_error": 92.40472441799291,
  "direction_accuracy": 0.6179775280898876,
  "prediction_interval_95": 865.6381035983702,
  "confidence_interval": {
    "lower": [
      -0.04965931016476973,
      -0.05518952732699133,
      -0.052708600372808875,
      -0.05827974749050388,
      -0.047534379639729035,
      -0.04494550258681135,
      -0.043300633925568544,
      -0.04154204071059513,
      -0.040101035340624855,
      -0.04286247622352401,
      -0.045223393565920304,
      -0.050662224747596935,
      -0.043497516371017536,
      -0.04746640005942096,
      -0.045269562262252296,
      -0.0463255326867278,
      -0.0490386892174509,
      -0.04749112438693637,
      -0.044145010653120764,
      -0.0407409542441351,
      -0.04730786328846702,
      -0.0491560949904767,
      -0.03835587814317107,
      -0.04110144785845816,
      -0.042055491119988825,
      -0.04395419860522502,
      -0.045872013551445094,
      -0.03477287957608738,
      -0.054280835495235526,
      -0.051086067496883145,
      -0.043592863635857515,
      -0.05159949519760563,
      -0.04206590755261224,
      -0.04983825533767773,
      -0.0311128906970665,
      -0.01994898739075896,
      -0.03387680486261736,
      -0.046274601930656994,
      -0.04393713249531925,
      -0.04856569193015147,
      -0.04734692064262955,
      -0.05205182635075972,
      -0.040591015984060626,
      -0.039411187537211345,
      -0.05095245435033572,
      -0.042379756748340415,
      -0.037635345328016545,
      -0.046099228719228356,
      -0.04331147899071357,
      -0.0462689081850705,
      -0.03810584903507304,
      -0.028624757081823087,
      -0.03816680647770554,
      -0.04992857126410857,
      -0.053336793548563355,
      -0.03943475478031423,
      -0.04644824098988118,
      -0.042968037231017955,
      -0.037418690483391484,
      -0.03524405126381651,
      -0.04995850916684737,
      -0.046932809344646456,
      -0.04706744659423959,
      -0.03676418998920889,
      -0.03454715226413221,
      -0.0430819331144858,
      -0.04632230805512842,
      -0.03944710830772277,
      -0.038510112806916935,
      -0.044071040595549366,
      -0.03308187074057316,
      -0.03565144802615745,
      -0.0322731288122213,
      -0.03829610511839794,
      -0.04115567479333124,
      -0.03392491691881103,
      -0.04417696841011688,
      -0.04494557811811135,
      -0.04204153156016453,
      -0.04423907015447888,
      -0.036562352085735286,
      -0.04296117221835837,
      -0.0465807086143694,
      -0.05072649557754521,
      -0.04562052351660073,
      -0.046522229033003015,
      -0.04570607973799207,
      -0.05518469165153013,
      -0.05266831620178615,
      -0.04999467753511335
    ],
    "upper": [
      0.053733479388513465,
      0.048203262226291864,
      0.05068418918047432,
      0.045113042062779315,
      0.05585840991355416,
      0.05844728696647185,
      0.06009215562771465,
      0.06185074884268807,
      0.06329175421265834,
      0.06053031332975919,
      0.05816939598736289,
      0.05273056480568626,
      0.05989527318226566,
      0.055926389493862236,
      0.0581232272910309,
      0.057067256866555394,
      0.054354100335832295,
      0.05590166516634683,
      0.05924777890016243,
      0.0626518353091481,
      0.056084926264816176,
      0.0542366945628065,
      0.06503691141011213,
      0.06229134169482504,
      0.06133729843329437,
      0.05943859094805817,
      0.0575207760018381,
      0.06861990997719582,
      0.04911195405804767,
      0.05230672205640005,
      0.05979992591742568,
      0.05179329435567757,
      0.061326882000670956,
      0.053554534215605465,
      0.07227989885621669,
      0.08344380216252423,
      0.06951598469066583,
      0.0571181876226262,
      0.05945565705796395,
      0.054827097623131725,
      0.05604586891065365,
      0.051340963202523474,
      0.06280177356922256,
      0.06398160201607185,
      0.052440335202947476,
      0.06101303280494278,
      0.06575744422526665,
      0.05729356083405484,
      0.06008131056256963,
      0.0571238813682127,
      0.06528694051821016,
      0.0747680324714601,
      0.06522598307557766,
      0.05346421828917462,
      0.05005599600471984,
      0.06395803477296896,
      0.05694454856340202,
      0.06042475232226524,
      0.06597409906989171,
      0.06814873828946669,
      0.05343428038643583,
      0.05645998020863674,
      0.05632534295904361,
      0.0666285995640743,
      0.068845637289151,
      0.0603108564387974,
      0.057070481498154774,
      0.06394568124556042,
      0.06488267674636626,
      0.05932174895773383,
      0.07031091881271004,
      0.06774134152712574,
      0.0711196607410619,
      0.06509668443488525,
      0.06223711475995196,
      0.06946787263447217,
      0.059215821143166314,
      0.05844721143517185,
      0.06135125799311866,
      0.059153719398804316,
      0.06683043746754791,
      0.060431617334924824,
      0.056812080938913795,
      0.052666293975737986,
      0.057772266036682465,
      0.05687056052028018,
      0.05768670981529113,
      0.048208097901753066,
      0.050724473351497046,
      0.053398112018169845
    ]
  }
}