{
  "model_name": "linear_regression",
  "mae": 0.029817047255327318,
  "rmse": 0.04300081868429066,
  "r2": 0.03272541191576872,
  "mean_percentage_error": 129.4253556756491,
  "median_percentage_error": 99.07768442351923,
  "direction_accuracy": 0.6853932584269663,
  "prediction_interval_95": 400.95641535496543,
  "confidence_interval": {
    "lower": [
      -0.08731535516581865,
      -0.08316051043357217,
      -0.08701822924407852,
      -0.08745640348774578,
      -0.08885096712431068,
      -0.08574988470298989,
      -0.07909146763419783,
      -0.05681144645734917,
      -0.0742396137327117,
      -0.07015952142114035,
      -0.0733555688693779,
      -0.07151336745662006,
      -0.06946786640222843,
      -0.07382455308722181,
      -0.07792943502023894,
      -0.07711366254692743,
      -0.07512228847215194,
      -0.07846293129827211,
      -0.07445972828589698,
      -0.07270506156866019,
      -0.07657271747781033,
      -0.07691594660375221,
      -0.07590207333490592,
      -0.07693922550522592,
      -0.0791694690370861,
      -0.07796695950342523,
      -0.07941768103178601,
      -0.07735710390639244,
      -0.08435227614280273,
      -0.07090490467073346,
      -0.08196144811265581,
      -0.06885942691241885,
      -0.0772373314391549,
      -0.07462614836941205,
      -0.06832108012432885,
      -0.06870446059396368,
      -0.06291082720707761,
      -0.06607744135822224,
      -0.06947047514876298,
      -0.06588184471969699,
      -0.07081890572356424,
      -0.06673114569295613,
      -0.0655248321296476,
      -0.07165160992506331,
      -0.0761966984312812,
      -0.07598492553939655,
      -0.08141926332917945,
      -0.08090399978434255,
      -0.07638367781154326,
      -0.08004245004346049,
      -0.08051686299108007,
      -0.0813252524845229,
      -0.08175076614421219,
      -0.08337530113151619,
      -0.07311507592620142,
      -0.06362229244707375,
      -0.07216977855152697,
      -0.06520596655978154,
      -0.08195743716969739,
      -0.06678763996187129,
      -0.07354258194666398,
      -0.07135898622843817,
      -0.07452347981000569,
      -0.06662852956617833,
      -0.06797964117776167,
      -0.06801950767601789,
      -0.07460162256833594,
      -0.0792977111117881,
      -0.08327893291049562,
      -0.08505983929772794,
      -0.07957422903495663,
      -0.08105588523381511,
      -0.08051060583421055,
      -0.08136640097431688,
      -0.0817240891896356,
      -0.08023196900829224,
      -0.07907896685614366,
      -0.0805738636351279,
      -0.07844198496724919,
      -0.07857786497180351,
      -0.08129179705417278,
      -0.08459267422643035,
      -0.0829438623181673,
      -0.07929758031533643,
      -0.0765903171427677,
      -0.07815559575541187,
      -0.07611181001654516,
      -0.0762554646311273,
      -0.07865715915705786,
      -0.07876362829569993
    ],
    "upper": [
      0.07943455221347828,
      0.08358939694572476,
      0.0797316781352184,
      0.07929350389155115,
      0.07789894025498625,
      0.08100002267630704,
      0.0876584397450991,
      0.10993846092194776,
      0.09251029364658522,
      0.09659038595815658,
      0.09339433850991903,
      0.09523653992267687,
      0.0972820409770685,
      0.09292535429207512,
      0.08882047235905799,
      0.0896362448323695,
      0.09162761890714499,
      0.08828697608102481,
      0.09229017909339995,
      0.09404484581063674,
      0.0901771899014866,
      0.08983396077554472,
      0.09084783404439101,
      0.08981068187407101,
      0.08758043834221083,
      0.0887829478758717,
      0.08733222634751092,
      0.08939280347290449,
      0.0823976312364942,
      0.09584500270856347,
      0.08478845926664112,
      0.09789048046687808,
      0.08951257594014203,
      0.09212375900988488,
      0.09842882725496808,
      0.09804544678533325,
      0.10383908017221932,
      0.10067246602107469,
      0.09727943223053395,
      0.10086806265959994,
      0.09593100165573269,
      0.1000187616863408,
      0.10122507524964933,
      0.09509829745423362,
      0.09055320894801573,
      0.09076498183990038,
      0.08533064405011748,
      0.08584590759495438,
      0.09036622956775367,
      0.08670745733583644,
      0.08623304438821686,
      0.08542465489477404,
      0.08499914123508474,
      0.08337460624778074,
      0.09363483145309551,
      0.10312761493222318,
      0.09458012882776996,
      0.10154394081951539,
      0.08479247020959954,
      0.09996226741742564,
      0.09320732543263295,
      0.09539092115085876,
      0.09222642756929124,
      0.1001213778131186,
      0.09877026620153526,
      0.09873039970327904,
      0.09214828481096099,
      0.08745219626750883,
      0.0834709744688013,
      0.08169006808156899,
      0.0871756783443403,
      0.08569402214548182,
      0.08623930154508638,
      0.08538350640498005,
      0.08502581818966133,
      0.08651793837100469,
      0.08767094052315327,
      0.08617604374416903,
      0.08830792241204774,
      0.08817204240749342,
      0.08545811032512415,
      0.08215723315286658,
      0.08380604506112962,
      0.0874523270639605,
      0.09015959023652922,
      0.08859431162388506,
      0.09063809736275177,
      0.09049444274816963,
      0.08809274822223907,
      0.087986279083597
    ]
  }
}