{
  "model_name": "linear_regression",
  "mae": 0.008402994131114377,
  "rmse": 0.011579345206557037,
  "r2": -0.12127900714077833
}