{
  "model_name": "linear_regression",
  "mae": 0.043696491198738974,
  "rmse": 0.05791321487076667,
  "r2": -0.3393966465261087,
  "mean_percentage_error": 377.8408200623847,
  "median_percentage_error": 124.51217801292643,
  "direction_accuracy": 0.5168539325842697,
  "prediction_interval_95": 795.0189844801708,
  "confidence_interval": {
    "lower": [
      -0.09817662121935697,
      -0.10559059617073895,
      -0.09377909550871852,
      -0.11140274151700708,
      -0.08987857176286548,
      -0.09377290295636423,
      -0.08796051637057592,
      -0.0890135826973818,
      -0.10131609801062672,
      -0.09310966892110926,
      -0.10237951365113174,
      -0.08265847351424335,
      -0.09300314261015964,
      -0.08921747895371356,
      -0.09462188703378248,
      -0.09231033143665626,
      -0.07942885611654354,
      -0.07648986199770905,
      -0.06923250433300253,
      -0.06109638576875988,
      -0.07265497745543588,
      -0.0821535118815731,
      -0.07818609474483844,
      -0.07190881221531321,
      -0.08508017074647545,
      -0.07820028105221133,
      -0.0743901756579266,
      -0.06666578504182619,
      -0.06110567473253056,
      -0.05693189591781134,
      -0.0608936230576876,
      -0.06493418903091933,
      -0.05162101089032302,
      -0.06597753823392502,
      -0.06745035465023763,
      -0.06708164282756293,
      -0.04991318395517874,
      -0.05133668176070688,
      -0.06189137447568413,
      -0.06574235745046375,
      -0.06762166309533095,
      -0.06590108436106965,
      -0.0620942069350546,
      -0.06479118092424392,
      -0.07719212347036984,
      -0.07765826341084127,
      -0.08629417437446767,
      -0.10355485732907052,
      -0.0956778137304531,
      -0.08019730205772846,
      -0.09579975045403787,
      -0.09319820349273034,
      -0.09362956158174572,
      -0.09070664136014406,
      -0.09918578912071815,
      -0.09391591947745292,
      -0.07972862735816452,
      -0.09312066990180608,
      -0.08784240897479095,
      -0.11148807976094229,
      -0.11434158466199143,
      -0.11787436033398369,
      -0.11340475503537759,
      -0.11241737024432814,
      -0.1147755322060261,
      -0.10791787673416008,
      -0.10369722548942482,
      -0.11461704729561255,
      -0.11659066784187451,
      -0.10823267167931772,
      -0.11956906617624095,
      -0.11814002636150965,
      -0.12005785673994883,
      -0.10652999356616896,
      -0.11094510860953209,
      -0.1167170204549093,
      -0.11038301028014887,
      -0.11160149889270786,
      -0.10195116134201922,
      -0.09423613668042252,
      -0.11423083559025679,
      -0.10478286603223032,
      -0.11234548304059253,
      -0.1127246413855141,
      -0.11317669799806224,
      -0.11094138679537957,
      -0.1031636355094941,
      -0.10659962716647778,
      -0.101745149968225,
      -0.10600545818807716
    ],
    "upper": [
      0.11788250607105535,
      0.11046853111967338,
      0.1222800317816938,
      0.10465638577340525,
      0.12618055552754684,
      0.1222862243340481,
      0.1280986109198364,
      0.12704554459303052,
      0.11474302927978561,
      0.12294945836930306,
      0.11367961363928059,
      0.13340065377616897,
      0.12305598468025268,
      0.12684164833669875,
      0.12143724025662984,
      0.12374879585375606,
      0.13663027117386878,
      0.13956926529270328,
      0.14682662295740978,
      0.15496274152165246,
      0.14340414983497646,
      0.13390561540883922,
      0.1378730325455739,
      0.14415031507509912,
      0.13097895654393688,
      0.137858846238201,
      0.14166895163248572,
      0.14939334224858614,
      0.15495345255788176,
      0.15912723137260099,
      0.15516550423272474,
      0.151124938259493,
      0.16443811640008932,
      0.1500815890564873,
      0.1486087726401747,
      0.1489774844628494,
      0.16614594333523358,
      0.16472244552970544,
      0.1541677528147282,
      0.15031676983994857,
      0.14843746419508136,
      0.15015804292934268,
      0.15396492035535772,
      0.15126794636616842,
      0.1388670038200425,
      0.13840086387957107,
      0.12976495291594464,
      0.1125042699613418,
      0.12038131355995922,
      0.13586182523268386,
      0.12025937683637446,
      0.12286092379768199,
      0.1224295657086666,
      0.12535248593026826,
      0.11687333816969417,
      0.1221432078129594,
      0.1363304999322478,
      0.12293845738860625,
      0.12821671831562137,
      0.10457104752947004,
      0.10171754262842089,
      0.09818476695642864,
      0.10265437225503474,
      0.10364175704608418,
      0.10128359508438622,
      0.10814125055625225,
      0.1123619018009875,
      0.10144207999479977,
      0.09946845944853781,
      0.10782645561109461,
      0.09649006111417137,
      0.09791910092890267,
      0.0960012705504635,
      0.10952913372424336,
      0.10511401868088023,
      0.09934210683550303,
      0.10567611701026346,
      0.10445762839770446,
      0.1141079659483931,
      0.1218229906099898,
      0.10182829170015553,
      0.111276261258182,
      0.1037136442498198,
      0.10333448590489823,
      0.10288242929235009,
      0.10511774049503275,
      0.11289549178091822,
      0.10945950012393454,
      0.11431397732218733,
      0.11005366910233516
    ]
  }
}